{"cameraMode":{"drawMode":0,"name":"Shaded","section":"Shading Mode"},"sceneLighting":true,"audioPlay":false,"sceneViewState":{"showFog":true,"showMaterialUpdate":false,"showSkybox":true,"showFlares":true,"showImageEffects":true,"showParticleSystems":true,"showVisualEffectGraphs":true,"m_FxEnabled":true},"in2DMode":false,"pivot":{"x":662.8295288085938,"y":336.8746643066406,"z":129.64898681640626},"rotation":{"x":-0.0901523157954216,"y":-0.027786489576101304,"z":0.0025144321843981745,"w":-0.9955408573150635},"size":506.4461364746094,"orthographic":false}